province,kab_kota,quadbin,id,boundary,bottom_left_lon,bottom_left_lat,top_right_lon,top_right_lat
DKI JAKARTA,JAKARTA TIMUR,5254864071169146879,JAKARTA TIMUR - 5254864071169146879,"POLYGON((106.875 -6.31529853833003, 106.875 -6.33713739498854, 106.89697265625 -6.33713739498854, 106.89697265625 -6.31529853833003, 106.875 -6.31529853833003))",106.875,-6.33713739498854,106.89697265625,-6.31529853833003
DKI JAKARTA,JAKARTA TIMUR,5254864071202701311,JAKARTA TIMUR - 5254864071202701311,"POLYGON((106.875 -6.33713739498854, 106.875 -6.35897532723566, 106.89697265625 -6.35897532723566, 106.89697265625 -6.33713739498854, 106.875 -6.33713739498854))",106.875,-6.35897532723566,106.89697265625,-6.33713739498854
DKI JAKARTA,JAKARTA TIMUR,5254864071303364607,JAKARTA TIMUR - 5254864071303364607,"POLYGON((106.875 -6.35897532723566, 106.875 -6.38081233193828, 106.89697265625 -6.38081233193828, 106.89697265625 -6.35897532723566, 106.875 -6.35897532723566))",106.875,-6.38081233193828,106.89697265625,-6.35897532723566
DKI JAKARTA,JAKARTA UTARA,5254864045969768447,JAKARTA UTARA - 5254864045969768447,"POLYGON((106.875 -6.07501100068201, 106.875 -6.09685981888794, 106.89697265625 -6.09685981888794, 106.89697265625 -6.07501100068201, 106.875 -6.07501100068201))",106.875,-6.09685981888794,106.89697265625,-6.07501100068201
DKI JAKARTA,JAKARTA UTARA,5254864046070431743,JAKARTA UTARA - 5254864046070431743,"POLYGON((106.875 -6.09685981888794, 106.875 -6.11870774719085, 106.89697265625 -6.11870774719085, 106.89697265625 -6.09685981888794, 106.875 -6.09685981888794))",106.875,-6.11870774719085,106.89697265625,-6.09685981888794
DKI JAKARTA,JAKARTA UTARA,5254864046103986175,JAKARTA UTARA - 5254864046103986175,"POLYGON((106.875 -6.11870774719085, 106.875 -6.1405547824503, 106.89697265625 -6.1405547824503, 106.89697265625 -6.11870774719085, 106.875 -6.11870774719085))",106.875,-6.1405547824503,106.89697265625,-6.11870774719085
DKI JAKARTA,JAKARTA UTARA,5254864047546826751,JAKARTA UTARA - 5254864047546826751,"POLYGON((106.875 -6.1405547824503, 106.875 -6.16240092152658, 106.89697265625 -6.16240092152658, 106.89697265625 -6.1405547824503, 106.875 -6.1405547824503))",106.875,-6.16240092152658,106.89697265625,-6.1405547824503
DKI JAKARTA,JAKARTA PUSAT,5254864047546826751,JAKARTA PUSAT - 5254864047546826751,"POLYGON((106.875 -6.1405547824503, 106.875 -6.16240092152658, 106.89697265625 -6.16240092152658, 106.89697265625 -6.1405547824503, 106.875 -6.1405547824503))",106.875,-6.16240092152658,106.89697265625,-6.1405547824503
DKI JAKARTA,JAKARTA PUSAT,5254864047580381183,JAKARTA PUSAT - 5254864047580381183,"POLYGON((106.875 -6.16240092152658, 106.875 -6.18424616128059, 106.89697265625 -6.18424616128059, 106.89697265625 -6.16240092152658, 106.875 -6.16240092152658))",106.875,-6.18424616128059,106.89697265625,-6.16240092152658
DKI JAKARTA,JAKARTA TIMUR,5254864047580381183,JAKARTA TIMUR - 5254864047580381183,"POLYGON((106.875 -6.16240092152658, 106.875 -6.18424616128059, 106.89697265625 -6.18424616128059, 106.89697265625 -6.16240092152658, 106.875 -6.16240092152658))",106.875,-6.18424616128059,106.89697265625,-6.16240092152658
DKI JAKARTA,JAKARTA UTARA,5254864047580381183,JAKARTA UTARA - 5254864047580381183,"POLYGON((106.875 -6.16240092152658, 106.875 -6.18424616128059, 106.89697265625 -6.18424616128059, 106.89697265625 -6.16240092152658, 106.875 -6.16240092152658))",106.875,-6.18424616128059,106.89697265625,-6.16240092152658
DKI JAKARTA,JAKARTA TIMUR,5254864047681044479,JAKARTA TIMUR - 5254864047681044479,"POLYGON((106.875 -6.18424616128059, 106.875 -6.20609049857388, 106.89697265625 -6.20609049857388, 106.89697265625 -6.18424616128059, 106.875 -6.18424616128059))",106.875,-6.20609049857388,106.89697265625,-6.18424616128059
DKI JAKARTA,JAKARTA PUSAT,5254864047681044479,JAKARTA PUSAT - 5254864047681044479,"POLYGON((106.875 -6.18424616128059, 106.875 -6.20609049857388, 106.89697265625 -6.20609049857388, 106.89697265625 -6.18424616128059, 106.875 -6.18424616128059))",106.875,-6.20609049857388,106.89697265625,-6.18424616128059
DKI JAKARTA,JAKARTA TIMUR,5254864047714598911,JAKARTA TIMUR - 5254864047714598911,"POLYGON((106.875 -6.20609049857388, 106.875 -6.22793393026867, 106.89697265625 -6.22793393026867, 106.89697265625 -6.20609049857388, 106.875 -6.20609049857388))",106.875,-6.22793393026867,106.89697265625,-6.20609049857388
DKI JAKARTA,JAKARTA TIMUR,5254864048083697663,JAKARTA TIMUR - 5254864048083697663,"POLYGON((106.875 -6.22793393026867, 106.875 -6.24977645322781, 106.89697265625 -6.24977645322781, 106.89697265625 -6.22793393026867, 106.875 -6.22793393026867))",106.875,-6.24977645322781,106.89697265625,-6.22793393026867
DKI JAKARTA,JAKARTA TIMUR,5254864048117252095,JAKARTA TIMUR - 5254864048117252095,"POLYGON((106.875 -6.24977645322781, 106.875 -6.27161806431486, 106.89697265625 -6.27161806431486, 106.89697265625 -6.24977645322781, 106.875 -6.24977645322781))",106.875,-6.27161806431486,106.89697265625,-6.24977645322781
DKI JAKARTA,JAKARTA TIMUR,5254864048217915391,JAKARTA TIMUR - 5254864048217915391,"POLYGON((106.875 -6.27161806431486, 106.875 -6.29345876039398, 106.89697265625 -6.29345876039398, 106.89697265625 -6.27161806431486, 106.875 -6.27161806431486))",106.875,-6.29345876039398,106.89697265625,-6.27161806431486
DKI JAKARTA,JAKARTA TIMUR,5254864048251469823,JAKARTA TIMUR - 5254864048251469823,"POLYGON((106.875 -6.29345876039398, 106.875 -6.31529853833003, 106.89697265625 -6.31529853833003, 106.89697265625 -6.29345876039398, 106.875 -6.29345876039398))",106.875,-6.31529853833003,106.89697265625,-6.29345876039398
DKI JAKARTA,JAKARTA UTARA,5254863312620879871,JAKARTA UTARA - 5254863312620879871,"POLYGON((106.72119140625 -6.07501100068201, 106.72119140625 -6.09685981888794, 106.7431640625 -6.09685981888794, 106.7431640625 -6.07501100068201, 106.72119140625 -6.07501100068201))",106.72119140625,-6.09685981888794,106.7431640625,-6.07501100068201
DKI JAKARTA,JAKARTA UTARA,5254863312721543167,JAKARTA UTARA - 5254863312721543167,"POLYGON((106.72119140625 -6.09685981888794, 106.72119140625 -6.11870774719085, 106.7431640625 -6.11870774719085, 106.7431640625 -6.09685981888794, 106.72119140625 -6.09685981888794))",106.72119140625,-6.11870774719085,106.7431640625,-6.09685981888794
DKI JAKARTA,JAKARTA BARAT,5254863312721543167,JAKARTA BARAT - 5254863312721543167,"POLYGON((106.72119140625 -6.09685981888794, 106.72119140625 -6.11870774719085, 106.7431640625 -6.11870774719085, 106.7431640625 -6.09685981888794, 106.72119140625 -6.09685981888794))",106.72119140625,-6.11870774719085,106.7431640625,-6.09685981888794
DKI JAKARTA,JAKARTA BARAT,5254863312755097599,JAKARTA BARAT - 5254863312755097599,"POLYGON((106.72119140625 -6.11870774719085, 106.72119140625 -6.1405547824503, 106.7431640625 -6.1405547824503, 106.7431640625 -6.11870774719085, 106.72119140625 -6.11870774719085))",106.72119140625,-6.1405547824503,106.7431640625,-6.11870774719085
DKI JAKARTA,JAKARTA UTARA,5254863312755097599,JAKARTA UTARA - 5254863312755097599,"POLYGON((106.72119140625 -6.11870774719085, 106.72119140625 -6.1405547824503, 106.7431640625 -6.1405547824503, 106.7431640625 -6.11870774719085, 106.72119140625 -6.11870774719085))",106.72119140625,-6.1405547824503,106.7431640625,-6.11870774719085
DKI JAKARTA,JAKARTA BARAT,5254863314197938175,JAKARTA BARAT - 5254863314197938175,"POLYGON((106.72119140625 -6.1405547824503, 106.72119140625 -6.16240092152658, 106.7431640625 -6.16240092152658, 106.7431640625 -6.1405547824503, 106.72119140625 -6.1405547824503))",106.72119140625,-6.16240092152658,106.7431640625,-6.1405547824503
DKI JAKARTA,JAKARTA BARAT,5254863314231492607,JAKARTA BARAT - 5254863314231492607,"POLYGON((106.72119140625 -6.16240092152658, 106.72119140625 -6.1842461612806, 106.7431640625 -6.18424616128059, 106.7431640625 -6.16240092152658, 106.72119140625 -6.16240092152658))",106.72119140625,-6.1842461612806,106.7431640625,-6.16240092152658
DKI JAKARTA,JAKARTA BARAT,5254863314332155903,JAKARTA BARAT - 5254863314332155903,"POLYGON((106.72119140625 -6.1842461612806, 106.72119140625 -6.20609049857388, 106.7431640625 -6.20609049857388, 106.7431640625 -6.18424616128059, 106.72119140625 -6.1842461612806))",106.72119140625,-6.20609049857388,106.7431640625,-6.18424616128059
DKI JAKARTA,JAKARTA SELATAN,5254863314365710335,JAKARTA SELATAN - 5254863314365710335,"POLYGON((106.72119140625 -6.20609049857388, 106.72119140625 -6.22793393026867, 106.7431640625 -6.22793393026867, 106.7431640625 -6.20609049857388, 106.72119140625 -6.20609049857388))",106.72119140625,-6.22793393026867,106.7431640625,-6.20609049857388
DKI JAKARTA,JAKARTA BARAT,5254863314365710335,JAKARTA BARAT - 5254863314365710335,"POLYGON((106.72119140625 -6.20609049857388, 106.72119140625 -6.22793393026867, 106.7431640625 -6.22793393026867, 106.7431640625 -6.20609049857388, 106.72119140625 -6.20609049857388))",106.72119140625,-6.22793393026867,106.7431640625,-6.20609049857388
DKI JAKARTA,JAKARTA SELATAN,5254863314734809087,JAKARTA SELATAN - 5254863314734809087,"POLYGON((106.72119140625 -6.22793393026867, 106.72119140625 -6.24977645322781, 106.7431640625 -6.24977645322781, 106.7431640625 -6.22793393026867, 106.72119140625 -6.22793393026867))",106.72119140625,-6.24977645322781,106.7431640625,-6.22793393026867
DKI JAKARTA,JAKARTA TIMUR,5254863338139025407,JAKARTA TIMUR - 5254863338139025407,"POLYGON((106.8310546875 -6.31529853833003, 106.8310546875 -6.33713739498853, 106.85302734375 -6.33713739498854, 106.85302734375 -6.31529853833003, 106.8310546875 -6.31529853833003))",106.8310546875,-6.33713739498854,106.85302734375,-6.31529853833003
DKI JAKARTA,JAKARTA SELATAN,5254863338139025407,JAKARTA SELATAN - 5254863338139025407,"POLYGON((106.8310546875 -6.31529853833003, 106.8310546875 -6.33713739498853, 106.85302734375 -6.33713739498854, 106.85302734375 -6.31529853833003, 106.8310546875 -6.31529853833003))",106.8310546875,-6.33713739498854,106.85302734375,-6.31529853833003
DKI JAKARTA,JAKARTA TIMUR,5254863338172579839,JAKARTA TIMUR - 5254863338172579839,"POLYGON((106.8310546875 -6.33713739498853, 106.8310546875 -6.35897532723566, 106.85302734375 -6.35897532723566, 106.85302734375 -6.33713739498854, 106.8310546875 -6.33713739498853))",106.8310546875,-6.35897532723566,106.85302734375,-6.33713739498853
DKI JAKARTA,JAKARTA SELATAN,5254863338172579839,JAKARTA SELATAN - 5254863338172579839,"POLYGON((106.8310546875 -6.33713739498853, 106.8310546875 -6.35897532723566, 106.85302734375 -6.35897532723566, 106.85302734375 -6.33713739498854, 106.8310546875 -6.33713739498853))",106.8310546875,-6.35897532723566,106.85302734375,-6.33713739498853
DKI JAKARTA,JAKARTA UTARA,5254863313040310271,JAKARTA UTARA - 5254863313040310271,"POLYGON((106.8310546875 -6.09685981888794, 106.8310546875 -6.11870774719085, 106.85302734375 -6.11870774719085, 106.85302734375 -6.09685981888794, 106.8310546875 -6.09685981888794))",106.8310546875,-6.11870774719085,106.85302734375,-6.09685981888794
DKI JAKARTA,JAKARTA PUSAT,5254863313073864703,JAKARTA PUSAT - 5254863313073864703,"POLYGON((106.8310546875 -6.11870774719085, 106.8310546875 -6.1405547824503, 106.85302734375 -6.1405547824503, 106.85302734375 -6.11870774719085, 106.8310546875 -6.11870774719085))",106.8310546875,-6.1405547824503,106.85302734375,-6.11870774719085
DKI JAKARTA,JAKARTA UTARA,5254863313073864703,JAKARTA UTARA - 5254863313073864703,"POLYGON((106.8310546875 -6.11870774719085, 106.8310546875 -6.1405547824503, 106.85302734375 -6.1405547824503, 106.85302734375 -6.11870774719085, 106.8310546875 -6.11870774719085))",106.8310546875,-6.1405547824503,106.85302734375,-6.11870774719085
DKI JAKARTA,JAKARTA PUSAT,5254863314516705279,JAKARTA PUSAT - 5254863314516705279,"POLYGON((106.8310546875 -6.1405547824503, 106.8310546875 -6.16240092152658, 106.85302734375 -6.16240092152658, 106.85302734375 -6.1405547824503, 106.8310546875 -6.1405547824503))",106.8310546875,-6.16240092152658,106.85302734375,-6.1405547824503
DKI JAKARTA,JAKARTA UTARA,5254863314516705279,JAKARTA UTARA - 5254863314516705279,"POLYGON((106.8310546875 -6.1405547824503, 106.8310546875 -6.16240092152658, 106.85302734375 -6.16240092152658, 106.85302734375 -6.1405547824503, 106.8310546875 -6.1405547824503))",106.8310546875,-6.16240092152658,106.85302734375,-6.1405547824503
DKI JAKARTA,JAKARTA PUSAT,5254863314550259711,JAKARTA PUSAT - 5254863314550259711,"POLYGON((106.8310546875 -6.16240092152658, 106.8310546875 -6.18424616128059, 106.85302734375 -6.18424616128059, 106.85302734375 -6.16240092152658, 106.8310546875 -6.16240092152658))",106.8310546875,-6.18424616128059,106.85302734375,-6.16240092152658
DKI JAKARTA,JAKARTA SELATAN,5254863314650923007,JAKARTA SELATAN - 5254863314650923007,"POLYGON((106.8310546875 -6.18424616128059, 106.8310546875 -6.20609049857388, 106.85302734375 -6.20609049857388, 106.85302734375 -6.18424616128059, 106.8310546875 -6.18424616128059))",106.8310546875,-6.20609049857388,106.85302734375,-6.18424616128059
DKI JAKARTA,JAKARTA PUSAT,5254863314650923007,JAKARTA PUSAT - 5254863314650923007,"POLYGON((106.8310546875 -6.18424616128059, 106.8310546875 -6.20609049857388, 106.85302734375 -6.20609049857388, 106.85302734375 -6.18424616128059, 106.8310546875 -6.18424616128059))",106.8310546875,-6.20609049857388,106.85302734375,-6.18424616128059
DKI JAKARTA,JAKARTA TIMUR,5254863314650923007,JAKARTA TIMUR - 5254863314650923007,"POLYGON((106.8310546875 -6.18424616128059, 106.8310546875 -6.20609049857388, 106.85302734375 -6.20609049857388, 106.85302734375 -6.18424616128059, 106.8310546875 -6.18424616128059))",106.8310546875,-6.20609049857388,106.85302734375,-6.18424616128059
DKI JAKARTA,JAKARTA SELATAN,5254863314684477439,JAKARTA SELATAN - 5254863314684477439,"POLYGON((106.8310546875 -6.20609049857388, 106.8310546875 -6.22793393026867, 106.85302734375 -6.22793393026867, 106.85302734375 -6.20609049857388, 106.8310546875 -6.20609049857388))",106.8310546875,-6.22793393026867,106.85302734375,-6.20609049857388
DKI JAKARTA,JAKARTA TIMUR,5254863314684477439,JAKARTA TIMUR - 5254863314684477439,"POLYGON((106.8310546875 -6.20609049857388, 106.8310546875 -6.22793393026867, 106.85302734375 -6.22793393026867, 106.85302734375 -6.20609049857388, 106.8310546875 -6.20609049857388))",106.8310546875,-6.22793393026867,106.85302734375,-6.20609049857388
DKI JAKARTA,JAKARTA PUSAT,5254863314684477439,JAKARTA PUSAT - 5254863314684477439,"POLYGON((106.8310546875 -6.20609049857388, 106.8310546875 -6.22793393026867, 106.85302734375 -6.22793393026867, 106.85302734375 -6.20609049857388, 106.8310546875 -6.20609049857388))",106.8310546875,-6.22793393026867,106.85302734375,-6.20609049857388
DKI JAKARTA,JAKARTA SELATAN,5254863315053576191,JAKARTA SELATAN - 5254863315053576191,"POLYGON((106.8310546875 -6.22793393026867, 106.8310546875 -6.24977645322781, 106.85302734375 -6.24977645322781, 106.85302734375 -6.22793393026867, 106.8310546875 -6.22793393026867))",106.8310546875,-6.24977645322781,106.85302734375,-6.22793393026867
DKI JAKARTA,JAKARTA SELATAN,5254863315087130623,JAKARTA SELATAN - 5254863315087130623,"POLYGON((106.8310546875 -6.24977645322781, 106.8310546875 -6.27161806431486, 106.85302734375 -6.27161806431486, 106.85302734375 -6.24977645322781, 106.8310546875 -6.24977645322781))",106.8310546875,-6.27161806431486,106.85302734375,-6.24977645322781
DKI JAKARTA,JAKARTA SELATAN,5254863315187793919,JAKARTA SELATAN - 5254863315187793919,"POLYGON((106.8310546875 -6.27161806431486, 106.8310546875 -6.29345876039398, 106.85302734375 -6.29345876039398, 106.85302734375 -6.27161806431486, 106.8310546875 -6.27161806431486))",106.8310546875,-6.29345876039398,106.85302734375,-6.27161806431486
DKI JAKARTA,JAKARTA TIMUR,5254863315187793919,JAKARTA TIMUR - 5254863315187793919,"POLYGON((106.8310546875 -6.27161806431486, 106.8310546875 -6.29345876039398, 106.85302734375 -6.29345876039398, 106.85302734375 -6.27161806431486, 106.8310546875 -6.27161806431486))",106.8310546875,-6.29345876039398,106.85302734375,-6.27161806431486
DKI JAKARTA,JAKARTA TIMUR,5254863315221348351,JAKARTA TIMUR - 5254863315221348351,"POLYGON((106.8310546875 -6.29345876039398, 106.8310546875 -6.31529853833003, 106.85302734375 -6.31529853833003, 106.85302734375 -6.29345876039398, 106.8310546875 -6.29345876039398))",106.8310546875,-6.31529853833003,106.85302734375,-6.29345876039398
DKI JAKARTA,JAKARTA SELATAN,5254863315221348351,JAKARTA SELATAN - 5254863315221348351,"POLYGON((106.8310546875 -6.29345876039398, 106.8310546875 -6.31529853833003, 106.85302734375 -6.31529853833003, 106.85302734375 -6.29345876039398, 106.8310546875 -6.29345876039398))",106.8310546875,-6.31529853833003,106.85302734375,-6.29345876039398
DKI JAKARTA,JAKARTA UTARA,5254864046053654527,JAKARTA UTARA - 5254864046053654527,"POLYGON((106.94091796875 -6.07501100068201, 106.94091796875 -6.09685981888794, 106.962890625 -6.09685981888794, 106.962890625 -6.07501100068201, 106.94091796875 -6.07501100068201))",106.94091796875,-6.09685981888794,106.962890625,-6.07501100068201
DKI JAKARTA,JAKARTA UTARA,5254864046154317823,JAKARTA UTARA - 5254864046154317823,"POLYGON((106.94091796875 -6.09685981888794, 106.94091796875 -6.11870774719085, 106.962890625 -6.11870774719085, 106.962890625 -6.09685981888794, 106.94091796875 -6.09685981888794))",106.94091796875,-6.11870774719085,106.962890625,-6.09685981888794
DKI JAKARTA,JAKARTA UTARA,5254864046187872255,JAKARTA UTARA - 5254864046187872255,"POLYGON((106.94091796875 -6.11870774719085, 106.94091796875 -6.1405547824503, 106.962890625 -6.1405547824503, 106.962890625 -6.11870774719085, 106.94091796875 -6.11870774719085))",106.94091796875,-6.1405547824503,106.962890625,-6.11870774719085
DKI JAKARTA,JAKARTA UTARA,5254864047630712831,JAKARTA UTARA - 5254864047630712831,"POLYGON((106.94091796875 -6.1405547824503, 106.94091796875 -6.16240092152658, 106.962890625 -6.16240092152658, 106.962890625 -6.1405547824503, 106.94091796875 -6.1405547824503))",106.94091796875,-6.16240092152658,106.962890625,-6.1405547824503
DKI JAKARTA,JAKARTA TIMUR,5254864047630712831,JAKARTA TIMUR - 5254864047630712831,"POLYGON((106.94091796875 -6.1405547824503, 106.94091796875 -6.16240092152658, 106.962890625 -6.16240092152658, 106.962890625 -6.1405547824503, 106.94091796875 -6.1405547824503))",106.94091796875,-6.16240092152658,106.962890625,-6.1405547824503
DKI JAKARTA,JAKARTA UTARA,5254864047664267263,JAKARTA UTARA - 5254864047664267263,"POLYGON((106.94091796875 -6.16240092152658, 106.94091796875 -6.18424616128059, 106.962890625 -6.18424616128059, 106.962890625 -6.16240092152658, 106.94091796875 -6.16240092152658))",106.94091796875,-6.18424616128059,106.962890625,-6.16240092152658
DKI JAKARTA,JAKARTA TIMUR,5254864047664267263,JAKARTA TIMUR - 5254864047664267263,"POLYGON((106.94091796875 -6.16240092152658, 106.94091796875 -6.18424616128059, 106.962890625 -6.18424616128059, 106.962890625 -6.16240092152658, 106.94091796875 -6.16240092152658))",106.94091796875,-6.18424616128059,106.962890625,-6.16240092152658
DKI JAKARTA,JAKARTA TIMUR,5254864047764930559,JAKARTA TIMUR - 5254864047764930559,"POLYGON((106.94091796875 -6.18424616128059, 106.94091796875 -6.20609049857388, 106.962890625 -6.20609049857388, 106.962890625 -6.18424616128059, 106.94091796875 -6.18424616128059))",106.94091796875,-6.20609049857388,106.962890625,-6.18424616128059
DKI JAKARTA,JAKARTA TIMUR,5254864047798484991,JAKARTA TIMUR - 5254864047798484991,"POLYGON((106.94091796875 -6.20609049857388, 106.94091796875 -6.22793393026867, 106.962890625 -6.22793393026867, 106.962890625 -6.20609049857388, 106.94091796875 -6.20609049857388))",106.94091796875,-6.22793393026867,106.962890625,-6.20609049857388
DKI JAKARTA,JAKARTA TIMUR,5254864048167583743,JAKARTA TIMUR - 5254864048167583743,"POLYGON((106.94091796875 -6.22793393026867, 106.94091796875 -6.24977645322781, 106.962890625 -6.24977645322781, 106.962890625 -6.22793393026867, 106.94091796875 -6.22793393026867))",106.94091796875,-6.24977645322781,106.962890625,-6.22793393026867
DKI JAKARTA,JAKARTA TIMUR,5254864048201138175,JAKARTA TIMUR - 5254864048201138175,"POLYGON((106.94091796875 -6.24977645322781, 106.94091796875 -6.27161806431486, 106.962890625 -6.27161806431486, 106.962890625 -6.24977645322781, 106.94091796875 -6.24977645322781))",106.94091796875,-6.27161806431486,106.962890625,-6.24977645322781
DKI JAKARTA,JAKARTA BARAT,5254863311882682367,JAKARTA BARAT - 5254863311882682367,"POLYGON((106.67724609375 -6.07501100068201, 106.67724609375 -6.09685981888794, 106.69921875 -6.09685981888794, 106.69921875 -6.07501100068201, 106.67724609375 -6.07501100068201))",106.67724609375,-6.09685981888794,106.69921875,-6.07501100068201
DKI JAKARTA,JAKARTA BARAT,5254863311983345663,JAKARTA BARAT - 5254863311983345663,"POLYGON((106.67724609375 -6.09685981888794, 106.67724609375 -6.11870774719085, 106.69921875 -6.11870774719085, 106.69921875 -6.09685981888794, 106.67724609375 -6.09685981888794))",106.67724609375,-6.11870774719085,106.69921875,-6.09685981888794
DKI JAKARTA,JAKARTA BARAT,5254863312016900095,JAKARTA BARAT - 5254863312016900095,"POLYGON((106.67724609375 -6.11870774719085, 106.67724609375 -6.1405547824503, 106.69921875 -6.1405547824503, 106.69921875 -6.11870774719085, 106.67724609375 -6.11870774719085))",106.67724609375,-6.1405547824503,106.69921875,-6.11870774719085
DKI JAKARTA,JAKARTA BARAT,5254863313459740671,JAKARTA BARAT - 5254863313459740671,"POLYGON((106.67724609375 -6.1405547824503, 106.67724609375 -6.16240092152658, 106.69921875 -6.16240092152658, 106.69921875 -6.1405547824503, 106.67724609375 -6.1405547824503))",106.67724609375,-6.16240092152658,106.69921875,-6.1405547824503
DKI JAKARTA,JAKARTA BARAT,5254863313493295103,JAKARTA BARAT - 5254863313493295103,"POLYGON((106.67724609375 -6.16240092152658, 106.67724609375 -6.18424616128059, 106.69921875 -6.18424616128059, 106.69921875 -6.16240092152658, 106.67724609375 -6.16240092152658))",106.67724609375,-6.18424616128059,106.69921875,-6.16240092152658
DKI JAKARTA,JAKARTA SELATAN,5254863338071916543,JAKARTA SELATAN - 5254863338071916543,"POLYGON((106.787109375 -6.31529853833003, 106.787109375 -6.33713739498853, 106.80908203125 -6.33713739498853, 106.80908203125 -6.31529853833003, 106.787109375 -6.31529853833003))",106.787109375,-6.33713739498853,106.80908203125,-6.31529853833003
DKI JAKARTA,JAKARTA SELATAN,5254863338105470975,JAKARTA SELATAN - 5254863338105470975,"POLYGON((106.787109375 -6.33713739498853, 106.787109375 -6.35897532723566, 106.80908203125 -6.35897532723566, 106.80908203125 -6.33713739498853, 106.787109375 -6.33713739498853))",106.787109375,-6.35897532723566,106.80908203125,-6.33713739498853
DKI JAKARTA,JAKARTA SELATAN,5254863338206134271,JAKARTA SELATAN - 5254863338206134271,"POLYGON((106.787109375 -6.35897532723566, 106.787109375 -6.38081233193827, 106.80908203125 -6.38081233193828, 106.80908203125 -6.35897532723566, 106.787109375 -6.35897532723566))",106.787109375,-6.38081233193828,106.80908203125,-6.35897532723566
DKI JAKARTA,JAKARTA UTARA,5254863312872538111,JAKARTA UTARA - 5254863312872538111,"POLYGON((106.787109375 -6.07501100068201, 106.787109375 -6.09685981888794, 106.80908203125 -6.09685981888794, 106.80908203125 -6.07501100068201, 106.787109375 -6.07501100068201))",106.787109375,-6.09685981888794,106.80908203125,-6.07501100068201
DKI JAKARTA,JAKARTA UTARA,5254863312973201407,JAKARTA UTARA - 5254863312973201407,"POLYGON((106.787109375 -6.09685981888794, 106.787109375 -6.11870774719085, 106.80908203125 -6.11870774719085, 106.80908203125 -6.09685981888794, 106.787109375 -6.09685981888794))",106.787109375,-6.11870774719085,106.80908203125,-6.09685981888794
DKI JAKARTA,JAKARTA UTARA,5254863313006755839,JAKARTA UTARA - 5254863313006755839,"POLYGON((106.787109375 -6.11870774719085, 106.787109375 -6.1405547824503, 106.80908203125 -6.1405547824503, 106.80908203125 -6.11870774719085, 106.787109375 -6.11870774719085))",106.787109375,-6.1405547824503,106.80908203125,-6.11870774719085
DKI JAKARTA,JAKARTA BARAT,5254863313006755839,JAKARTA BARAT - 5254863313006755839,"POLYGON((106.787109375 -6.11870774719085, 106.787109375 -6.1405547824503, 106.80908203125 -6.1405547824503, 106.80908203125 -6.11870774719085, 106.787109375 -6.11870774719085))",106.787109375,-6.1405547824503,106.80908203125,-6.11870774719085
DKI JAKARTA,JAKARTA UTARA,5254863314449596415,JAKARTA UTARA - 5254863314449596415,"POLYGON((106.787109375 -6.1405547824503, 106.787109375 -6.16240092152658, 106.80908203125 -6.16240092152658, 106.80908203125 -6.1405547824503, 106.787109375 -6.1405547824503))",106.787109375,-6.16240092152658,106.80908203125,-6.1405547824503
DKI JAKARTA,JAKARTA BARAT,5254863314449596415,JAKARTA BARAT - 5254863314449596415,"POLYGON((106.787109375 -6.1405547824503, 106.787109375 -6.16240092152658, 106.80908203125 -6.16240092152658, 106.80908203125 -6.1405547824503, 106.787109375 -6.1405547824503))",106.787109375,-6.16240092152658,106.80908203125,-6.1405547824503
DKI JAKARTA,JAKARTA PUSAT,5254863314449596415,JAKARTA PUSAT - 5254863314449596415,"POLYGON((106.787109375 -6.1405547824503, 106.787109375 -6.16240092152658, 106.80908203125 -6.16240092152658, 106.80908203125 -6.1405547824503, 106.787109375 -6.1405547824503))",106.787109375,-6.16240092152658,106.80908203125,-6.1405547824503
DKI JAKARTA,JAKARTA BARAT,5254863314483150847,JAKARTA BARAT - 5254863314483150847,"POLYGON((106.787109375 -6.16240092152658, 106.787109375 -6.18424616128059, 106.80908203125 -6.18424616128059, 106.80908203125 -6.16240092152658, 106.787109375 -6.16240092152658))",106.787109375,-6.18424616128059,106.80908203125,-6.16240092152658
DKI JAKARTA,JAKARTA PUSAT,5254863314483150847,JAKARTA PUSAT - 5254863314483150847,"POLYGON((106.787109375 -6.16240092152658, 106.787109375 -6.18424616128059, 106.80908203125 -6.18424616128059, 106.80908203125 -6.16240092152658, 106.787109375 -6.16240092152658))",106.787109375,-6.18424616128059,106.80908203125,-6.16240092152658
DKI JAKARTA,JAKARTA PUSAT,5254863314583814143,JAKARTA PUSAT - 5254863314583814143,"POLYGON((106.787109375 -6.18424616128059, 106.787109375 -6.20609049857388, 106.80908203125 -6.20609049857388, 106.80908203125 -6.18424616128059, 106.787109375 -6.18424616128059))",106.787109375,-6.20609049857388,106.80908203125,-6.18424616128059
DKI JAKARTA,JAKARTA BARAT,5254863314583814143,JAKARTA BARAT - 5254863314583814143,"POLYGON((106.787109375 -6.18424616128059, 106.787109375 -6.20609049857388, 106.80908203125 -6.20609049857388, 106.80908203125 -6.18424616128059, 106.787109375 -6.18424616128059))",106.787109375,-6.20609049857388,106.80908203125,-6.18424616128059
DKI JAKARTA,JAKARTA PUSAT,5254863314617368575,JAKARTA PUSAT - 5254863314617368575,"POLYGON((106.787109375 -6.20609049857388, 106.787109375 -6.22793393026867, 106.80908203125 -6.22793393026867, 106.80908203125 -6.20609049857388, 106.787109375 -6.20609049857388))",106.787109375,-6.22793393026867,106.80908203125,-6.20609049857388
DKI JAKARTA,JAKARTA BARAT,5254863314617368575,JAKARTA BARAT - 5254863314617368575,"POLYGON((106.787109375 -6.20609049857388, 106.787109375 -6.22793393026867, 106.80908203125 -6.22793393026867, 106.80908203125 -6.20609049857388, 106.787109375 -6.20609049857388))",106.787109375,-6.22793393026867,106.80908203125,-6.20609049857388
DKI JAKARTA,JAKARTA SELATAN,5254863314617368575,JAKARTA SELATAN - 5254863314617368575,"POLYGON((106.787109375 -6.20609049857388, 106.787109375 -6.22793393026867, 106.80908203125 -6.22793393026867, 106.80908203125 -6.20609049857388, 106.787109375 -6.20609049857388))",106.787109375,-6.22793393026867,106.80908203125,-6.20609049857388
DKI JAKARTA,JAKARTA SELATAN,5254863314986467327,JAKARTA SELATAN - 5254863314986467327,"POLYGON((106.787109375 -6.22793393026867, 106.787109375 -6.24977645322781, 106.80908203125 -6.24977645322781, 106.80908203125 -6.22793393026867, 106.787109375 -6.22793393026867))",106.787109375,-6.24977645322781,106.80908203125,-6.22793393026867
DKI JAKARTA,JAKARTA PUSAT,5254863314986467327,JAKARTA PUSAT - 5254863314986467327,"POLYGON((106.787109375 -6.22793393026867, 106.787109375 -6.24977645322781, 106.80908203125 -6.24977645322781, 106.80908203125 -6.22793393026867, 106.787109375 -6.22793393026867))",106.787109375,-6.24977645322781,106.80908203125,-6.22793393026867
DKI JAKARTA,JAKARTA SELATAN,5254863315020021759,JAKARTA SELATAN - 5254863315020021759,"POLYGON((106.787109375 -6.24977645322781, 106.787109375 -6.27161806431486, 106.80908203125 -6.27161806431486, 106.80908203125 -6.24977645322781, 106.787109375 -6.24977645322781))",106.787109375,-6.27161806431486,106.80908203125,-6.24977645322781
DKI JAKARTA,JAKARTA SELATAN,5254863315120685055,JAKARTA SELATAN - 5254863315120685055,"POLYGON((106.787109375 -6.27161806431486, 106.787109375 -6.29345876039398, 106.80908203125 -6.29345876039398, 106.80908203125 -6.27161806431486, 106.787109375 -6.27161806431486))",106.787109375,-6.29345876039398,106.80908203125,-6.27161806431486
DKI JAKARTA,JAKARTA SELATAN,5254863315154239487,JAKARTA SELATAN - 5254863315154239487,"POLYGON((106.787109375 -6.29345876039398, 106.787109375 -6.31529853833003, 106.80908203125 -6.31529853833003, 106.80908203125 -6.29345876039398, 106.787109375 -6.29345876039398))",106.787109375,-6.31529853833003,106.80908203125,-6.29345876039398
DKI JAKARTA,JAKARTA TIMUR,5254864071185924095,JAKARTA TIMUR - 5254864071185924095,"POLYGON((106.89697265625 -6.31529853833003, 106.89697265625 -6.33713739498854, 106.9189453125 -6.33713739498853, 106.9189453125 -6.31529853833003, 106.89697265625 -6.31529853833003))",106.89697265625,-6.33713739498854,106.9189453125,-6.31529853833003
DKI JAKARTA,JAKARTA TIMUR,5254864071219478527,JAKARTA TIMUR - 5254864071219478527,"POLYGON((106.89697265625 -6.33713739498854, 106.89697265625 -6.35897532723566, 106.9189453125 -6.35897532723566, 106.9189453125 -6.33713739498853, 106.89697265625 -6.33713739498854))",106.89697265625,-6.35897532723566,106.9189453125,-6.33713739498853
DKI JAKARTA,JAKARTA TIMUR,5254864071320141823,JAKARTA TIMUR - 5254864071320141823,"POLYGON((106.89697265625 -6.35897532723566, 106.89697265625 -6.38081233193828, 106.9189453125 -6.38081233193828, 106.9189453125 -6.35897532723566, 106.89697265625 -6.35897532723566))",106.89697265625,-6.38081233193828,106.9189453125,-6.35897532723566
DKI JAKARTA,JAKARTA UTARA,5254864046087208959,JAKARTA UTARA - 5254864046087208959,"POLYGON((106.89697265625 -6.09685981888794, 106.89697265625 -6.11870774719085, 106.9189453125 -6.11870774719085, 106.9189453125 -6.09685981888794, 106.89697265625 -6.09685981888794))",106.89697265625,-6.11870774719085,106.9189453125,-6.09685981888794
DKI JAKARTA,JAKARTA UTARA,5254864046120763391,JAKARTA UTARA - 5254864046120763391,"POLYGON((106.89697265625 -6.11870774719085, 106.89697265625 -6.1405547824503, 106.9189453125 -6.1405547824503, 106.9189453125 -6.11870774719085, 106.89697265625 -6.11870774719085))",106.89697265625,-6.1405547824503,106.9189453125,-6.11870774719085
DKI JAKARTA,JAKARTA UTARA,5254864047563603967,JAKARTA UTARA - 5254864047563603967,"POLYGON((106.89697265625 -6.1405547824503, 106.89697265625 -6.16240092152658, 106.9189453125 -6.16240092152658, 106.9189453125 -6.1405547824503, 106.89697265625 -6.1405547824503))",106.89697265625,-6.16240092152658,106.9189453125,-6.1405547824503
DKI JAKARTA,JAKARTA UTARA,5254864047597158399,JAKARTA UTARA - 5254864047597158399,"POLYGON((106.89697265625 -6.16240092152658, 106.89697265625 -6.18424616128059, 106.9189453125 -6.18424616128059, 106.9189453125 -6.16240092152658, 106.89697265625 -6.16240092152658))",106.89697265625,-6.18424616128059,106.9189453125,-6.16240092152658
DKI JAKARTA,JAKARTA TIMUR,5254864047597158399,JAKARTA TIMUR - 5254864047597158399,"POLYGON((106.89697265625 -6.16240092152658, 106.89697265625 -6.18424616128059, 106.9189453125 -6.18424616128059, 106.9189453125 -6.16240092152658, 106.89697265625 -6.16240092152658))",106.89697265625,-6.18424616128059,106.9189453125,-6.16240092152658
DKI JAKARTA,JAKARTA TIMUR,5254864047697821695,JAKARTA TIMUR - 5254864047697821695,"POLYGON((106.89697265625 -6.18424616128059, 106.89697265625 -6.20609049857388, 106.9189453125 -6.20609049857388, 106.9189453125 -6.18424616128059, 106.89697265625 -6.18424616128059))",106.89697265625,-6.20609049857388,106.9189453125,-6.18424616128059
DKI JAKARTA,JAKARTA TIMUR,5254864047731376127,JAKARTA TIMUR - 5254864047731376127,"POLYGON((106.89697265625 -6.20609049857388, 106.89697265625 -6.22793393026867, 106.9189453125 -6.22793393026867, 106.9189453125 -6.20609049857388, 106.89697265625 -6.20609049857388))",106.89697265625,-6.22793393026867,106.9189453125,-6.20609049857388
DKI JAKARTA,JAKARTA TIMUR,5254864048100474879,JAKARTA TIMUR - 5254864048100474879,"POLYGON((106.89697265625 -6.22793393026867, 106.89697265625 -6.24977645322781, 106.9189453125 -6.24977645322781, 106.9189453125 -6.22793393026867, 106.89697265625 -6.22793393026867))",106.89697265625,-6.24977645322781,106.9189453125,-6.22793393026867
DKI JAKARTA,JAKARTA TIMUR,5254864048134029311,JAKARTA TIMUR - 5254864048134029311,"POLYGON((106.89697265625 -6.24977645322781, 106.89697265625 -6.27161806431486, 106.9189453125 -6.27161806431486, 106.9189453125 -6.24977645322781, 106.89697265625 -6.24977645322781))",106.89697265625,-6.27161806431486,106.9189453125,-6.24977645322781
DKI JAKARTA,JAKARTA TIMUR,5254864048234692607,JAKARTA TIMUR - 5254864048234692607,"POLYGON((106.89697265625 -6.27161806431486, 106.89697265625 -6.29345876039398, 106.9189453125 -6.29345876039398, 106.9189453125 -6.27161806431486, 106.89697265625 -6.27161806431486))",106.89697265625,-6.29345876039398,106.9189453125,-6.27161806431486
DKI JAKARTA,JAKARTA TIMUR,5254864048268247039,JAKARTA TIMUR - 5254864048268247039,"POLYGON((106.89697265625 -6.29345876039398, 106.89697265625 -6.31529853833003, 106.9189453125 -6.31529853833003, 106.9189453125 -6.29345876039398, 106.89697265625 -6.29345876039398))",106.89697265625,-6.31529853833003,106.9189453125,-6.29345876039398
DKI JAKARTA,JAKARTA UTARA,5254863312637657087,JAKARTA UTARA - 5254863312637657087,"POLYGON((106.7431640625 -6.05316129571407, 106.7431640625 -6.07501100068201, 106.76513671875 -6.07501100068201, 106.76513671875 -6.05316129571407, 106.7431640625 -6.05316129571407))",106.7431640625,-6.07501100068201,106.76513671875,-6.05316129571407
DKI JAKARTA,JAKARTA UTARA,5254863312671211519,JAKARTA UTARA - 5254863312671211519,"POLYGON((106.7431640625 -6.07501100068201, 106.7431640625 -6.09685981888794, 106.76513671875 -6.09685981888794, 106.76513671875 -6.07501100068201, 106.7431640625 -6.07501100068201))",106.7431640625,-6.09685981888794,106.76513671875,-6.07501100068201
DKI JAKARTA,JAKARTA UTARA,5254863312771874815,JAKARTA UTARA - 5254863312771874815,"POLYGON((106.7431640625 -6.09685981888794, 106.7431640625 -6.11870774719085, 106.76513671875 -6.11870774719085, 106.76513671875 -6.09685981888794, 106.7431640625 -6.09685981888794))",106.7431640625,-6.11870774719085,106.76513671875,-6.09685981888794
DKI JAKARTA,JAKARTA UTARA,5254863312805429247,JAKARTA UTARA - 5254863312805429247,"POLYGON((106.7431640625 -6.11870774719085, 106.7431640625 -6.1405547824503, 106.76513671875 -6.1405547824503, 106.76513671875 -6.11870774719085, 106.7431640625 -6.11870774719085))",106.7431640625,-6.1405547824503,106.76513671875,-6.11870774719085
DKI JAKARTA,JAKARTA BARAT,5254863312805429247,JAKARTA BARAT - 5254863312805429247,"POLYGON((106.7431640625 -6.11870774719085, 106.7431640625 -6.1405547824503, 106.76513671875 -6.1405547824503, 106.76513671875 -6.11870774719085, 106.7431640625 -6.11870774719085))",106.7431640625,-6.1405547824503,106.76513671875,-6.11870774719085
DKI JAKARTA,JAKARTA BARAT,5254863314248269823,JAKARTA BARAT - 5254863314248269823,"POLYGON((106.7431640625 -6.1405547824503, 106.7431640625 -6.16240092152658, 106.76513671875 -6.16240092152658, 106.76513671875 -6.1405547824503, 106.7431640625 -6.1405547824503))",106.7431640625,-6.16240092152658,106.76513671875,-6.1405547824503
DKI JAKARTA,JAKARTA BARAT,5254863314281824255,JAKARTA BARAT - 5254863314281824255,"POLYGON((106.7431640625 -6.16240092152658, 106.7431640625 -6.18424616128059, 106.76513671875 -6.18424616128059, 106.76513671875 -6.16240092152658, 106.7431640625 -6.16240092152658))",106.7431640625,-6.18424616128059,106.76513671875,-6.16240092152658
DKI JAKARTA,JAKARTA BARAT,5254863314382487551,JAKARTA BARAT - 5254863314382487551,"POLYGON((106.7431640625 -6.18424616128059, 106.7431640625 -6.20609049857388, 106.76513671875 -6.20609049857388, 106.76513671875 -6.18424616128059, 106.7431640625 -6.18424616128059))",106.7431640625,-6.20609049857388,106.76513671875,-6.18424616128059
DKI JAKARTA,JAKARTA BARAT,5254863314416041983,JAKARTA BARAT - 5254863314416041983,"POLYGON((106.7431640625 -6.20609049857388, 106.7431640625 -6.22793393026867, 106.76513671875 -6.22793393026867, 106.76513671875 -6.20609049857388, 106.7431640625 -6.20609049857388))",106.7431640625,-6.22793393026867,106.76513671875,-6.20609049857388
DKI JAKARTA,JAKARTA SELATAN,5254863314416041983,JAKARTA SELATAN - 5254863314416041983,"POLYGON((106.7431640625 -6.20609049857388, 106.7431640625 -6.22793393026867, 106.76513671875 -6.22793393026867, 106.76513671875 -6.20609049857388, 106.7431640625 -6.20609049857388))",106.7431640625,-6.22793393026867,106.76513671875,-6.20609049857388
DKI JAKARTA,JAKARTA SELATAN,5254863314785140735,JAKARTA SELATAN - 5254863314785140735,"POLYGON((106.7431640625 -6.22793393026867, 106.7431640625 -6.24977645322781, 106.76513671875 -6.24977645322781, 106.76513671875 -6.22793393026867, 106.7431640625 -6.22793393026867))",106.7431640625,-6.24977645322781,106.76513671875,-6.22793393026867
DKI JAKARTA,JAKARTA SELATAN,5254863314818695167,JAKARTA SELATAN - 5254863314818695167,"POLYGON((106.7431640625 -6.24977645322781, 106.7431640625 -6.27161806431486, 106.76513671875 -6.27161806431486, 106.76513671875 -6.24977645322781, 106.7431640625 -6.24977645322781))",106.7431640625,-6.27161806431486,106.76513671875,-6.24977645322781
DKI JAKARTA,JAKARTA SELATAN,5254863314919358463,JAKARTA SELATAN - 5254863314919358463,"POLYGON((106.7431640625 -6.27161806431486, 106.7431640625 -6.29345876039398, 106.76513671875 -6.29345876039398, 106.76513671875 -6.27161806431486, 106.7431640625 -6.27161806431486))",106.7431640625,-6.29345876039398,106.76513671875,-6.27161806431486
DKI JAKARTA,JAKARTA TIMUR,5254863338155802623,JAKARTA TIMUR - 5254863338155802623,"POLYGON((106.85302734375 -6.31529853833003, 106.85302734375 -6.33713739498854, 106.875 -6.33713739498854, 106.875 -6.31529853833003, 106.85302734375 -6.31529853833003))",106.85302734375,-6.33713739498854,106.875,-6.31529853833003
DKI JAKARTA,JAKARTA TIMUR,5254863338189357055,JAKARTA TIMUR - 5254863338189357055,"POLYGON((106.85302734375 -6.33713739498854, 106.85302734375 -6.35897532723566, 106.875 -6.35897532723566, 106.875 -6.33713739498854, 106.85302734375 -6.33713739498854))",106.85302734375,-6.35897532723566,106.875,-6.33713739498854
DKI JAKARTA,JAKARTA TIMUR,5254863338290020351,JAKARTA TIMUR - 5254863338290020351,"POLYGON((106.85302734375 -6.35897532723566, 106.85302734375 -6.38081233193828, 106.875 -6.38081233193828, 106.875 -6.35897532723566, 106.85302734375 -6.35897532723566))",106.85302734375,-6.38081233193828,106.875,-6.35897532723566
DKI JAKARTA,JAKARTA UTARA,5254863313057087487,JAKARTA UTARA - 5254863313057087487,"POLYGON((106.85302734375 -6.09685981888794, 106.85302734375 -6.11870774719085, 106.875 -6.11870774719085, 106.875 -6.09685981888794, 106.85302734375 -6.09685981888794))",106.85302734375,-6.11870774719085,106.875,-6.09685981888794
DKI JAKARTA,JAKARTA UTARA,5254863313090641919,JAKARTA UTARA - 5254863313090641919,"POLYGON((106.85302734375 -6.11870774719085, 106.85302734375 -6.1405547824503, 106.875 -6.1405547824503, 106.875 -6.11870774719085, 106.85302734375 -6.11870774719085))",106.85302734375,-6.1405547824503,106.875,-6.11870774719085
DKI JAKARTA,JAKARTA UTARA,5254863314533482495,JAKARTA UTARA - 5254863314533482495,"POLYGON((106.85302734375 -6.1405547824503, 106.85302734375 -6.16240092152658, 106.875 -6.16240092152658, 106.875 -6.1405547824503, 106.85302734375 -6.1405547824503))",106.85302734375,-6.16240092152658,106.875,-6.1405547824503
DKI JAKARTA,JAKARTA PUSAT,5254863314533482495,JAKARTA PUSAT - 5254863314533482495,"POLYGON((106.85302734375 -6.1405547824503, 106.85302734375 -6.16240092152658, 106.875 -6.16240092152658, 106.875 -6.1405547824503, 106.85302734375 -6.1405547824503))",106.85302734375,-6.16240092152658,106.875,-6.1405547824503
DKI JAKARTA,JAKARTA PUSAT,5254863314567036927,JAKARTA PUSAT - 5254863314567036927,"POLYGON((106.85302734375 -6.16240092152658, 106.85302734375 -6.18424616128059, 106.875 -6.18424616128059, 106.875 -6.16240092152658, 106.85302734375 -6.16240092152658))",106.85302734375,-6.18424616128059,106.875,-6.16240092152658
DKI JAKARTA,JAKARTA TIMUR,5254863314667700223,JAKARTA TIMUR - 5254863314667700223,"POLYGON((106.85302734375 -6.18424616128059, 106.85302734375 -6.20609049857388, 106.875 -6.20609049857388, 106.875 -6.18424616128059, 106.85302734375 -6.18424616128059))",106.85302734375,-6.20609049857388,106.875,-6.18424616128059
DKI JAKARTA,JAKARTA PUSAT,5254863314667700223,JAKARTA PUSAT - 5254863314667700223,"POLYGON((106.85302734375 -6.18424616128059, 106.85302734375 -6.20609049857388, 106.875 -6.20609049857388, 106.875 -6.18424616128059, 106.85302734375 -6.18424616128059))",106.85302734375,-6.20609049857388,106.875,-6.18424616128059
DKI JAKARTA,JAKARTA SELATAN,5254863314701254655,JAKARTA SELATAN - 5254863314701254655,"POLYGON((106.85302734375 -6.20609049857388, 106.85302734375 -6.22793393026867, 106.875 -6.22793393026867, 106.875 -6.20609049857388, 106.85302734375 -6.20609049857388))",106.85302734375,-6.22793393026867,106.875,-6.20609049857388
DKI JAKARTA,JAKARTA TIMUR,5254863314701254655,JAKARTA TIMUR - 5254863314701254655,"POLYGON((106.85302734375 -6.20609049857388, 106.85302734375 -6.22793393026867, 106.875 -6.22793393026867, 106.875 -6.20609049857388, 106.85302734375 -6.20609049857388))",106.85302734375,-6.22793393026867,106.875,-6.20609049857388
DKI JAKARTA,JAKARTA PUSAT,5254863314701254655,JAKARTA PUSAT - 5254863314701254655,"POLYGON((106.85302734375 -6.20609049857388, 106.85302734375 -6.22793393026867, 106.875 -6.22793393026867, 106.875 -6.20609049857388, 106.85302734375 -6.20609049857388))",106.85302734375,-6.22793393026867,106.875,-6.20609049857388
DKI JAKARTA,JAKARTA SELATAN,5254863315070353407,JAKARTA SELATAN - 5254863315070353407,"POLYGON((106.85302734375 -6.22793393026867, 106.85302734375 -6.24977645322781, 106.875 -6.24977645322781, 106.875 -6.22793393026867, 106.85302734375 -6.22793393026867))",106.85302734375,-6.24977645322781,106.875,-6.22793393026867
DKI JAKARTA,JAKARTA TIMUR,5254863315070353407,JAKARTA TIMUR - 5254863315070353407,"POLYGON((106.85302734375 -6.22793393026867, 106.85302734375 -6.24977645322781, 106.875 -6.24977645322781, 106.875 -6.22793393026867, 106.85302734375 -6.22793393026867))",106.85302734375,-6.24977645322781,106.875,-6.22793393026867
DKI JAKARTA,JAKARTA TIMUR,5254863315103907839,JAKARTA TIMUR - 5254863315103907839,"POLYGON((106.85302734375 -6.24977645322781, 106.85302734375 -6.27161806431486, 106.875 -6.27161806431486, 106.875 -6.24977645322781, 106.85302734375 -6.24977645322781))",106.85302734375,-6.27161806431486,106.875,-6.24977645322781
DKI JAKARTA,JAKARTA SELATAN,5254863315103907839,JAKARTA SELATAN - 5254863315103907839,"POLYGON((106.85302734375 -6.24977645322781, 106.85302734375 -6.27161806431486, 106.875 -6.27161806431486, 106.875 -6.24977645322781, 106.85302734375 -6.24977645322781))",106.85302734375,-6.27161806431486,106.875,-6.24977645322781
DKI JAKARTA,JAKARTA TIMUR,5254863315204571135,JAKARTA TIMUR - 5254863315204571135,"POLYGON((106.85302734375 -6.27161806431486, 106.85302734375 -6.29345876039398, 106.875 -6.29345876039398, 106.875 -6.27161806431486, 106.85302734375 -6.27161806431486))",106.85302734375,-6.29345876039398,106.875,-6.27161806431486
DKI JAKARTA,JAKARTA SELATAN,5254863315204571135,JAKARTA SELATAN - 5254863315204571135,"POLYGON((106.85302734375 -6.27161806431486, 106.85302734375 -6.29345876039398, 106.875 -6.29345876039398, 106.875 -6.27161806431486, 106.85302734375 -6.27161806431486))",106.85302734375,-6.29345876039398,106.875,-6.27161806431486
DKI JAKARTA,JAKARTA SELATAN,5254863315238125567,JAKARTA SELATAN - 5254863315238125567,"POLYGON((106.85302734375 -6.29345876039398, 106.85302734375 -6.31529853833003, 106.875 -6.31529853833003, 106.875 -6.29345876039398, 106.85302734375 -6.29345876039398))",106.85302734375,-6.31529853833003,106.875,-6.29345876039398
DKI JAKARTA,JAKARTA TIMUR,5254863315238125567,JAKARTA TIMUR - 5254863315238125567,"POLYGON((106.85302734375 -6.29345876039398, 106.85302734375 -6.31529853833003, 106.875 -6.31529853833003, 106.875 -6.29345876039398, 106.85302734375 -6.29345876039398))",106.85302734375,-6.31529853833003,106.875,-6.29345876039398
DKI JAKARTA,JAKARTA UTARA,5254864046238203903,JAKARTA UTARA - 5254864046238203903,"POLYGON((106.962890625 -6.07501100068201, 106.962890625 -6.09685981888794, 106.98486328125 -6.09685981888794, 106.98486328125 -6.07501100068201, 106.962890625 -6.07501100068201))",106.962890625,-6.09685981888794,106.98486328125,-6.07501100068201
DKI JAKARTA,JAKARTA UTARA,5254864046338867199,JAKARTA UTARA - 5254864046338867199,"POLYGON((106.962890625 -6.09685981888794, 106.962890625 -6.11870774719085, 106.98486328125 -6.11870774719085, 106.98486328125 -6.09685981888794, 106.962890625 -6.09685981888794))",106.962890625,-6.11870774719085,106.98486328125,-6.09685981888794
DKI JAKARTA,JAKARTA UTARA,5254864046372421631,JAKARTA UTARA - 5254864046372421631,"POLYGON((106.962890625 -6.11870774719085, 106.962890625 -6.1405547824503, 106.98486328125 -6.1405547824503, 106.98486328125 -6.11870774719085, 106.962890625 -6.11870774719085))",106.962890625,-6.1405547824503,106.98486328125,-6.11870774719085
DKI JAKARTA,JAKARTA UTARA,5254864047815262207,JAKARTA UTARA - 5254864047815262207,"POLYGON((106.962890625 -6.1405547824503, 106.962890625 -6.16240092152658, 106.98486328125 -6.16240092152658, 106.98486328125 -6.1405547824503, 106.962890625 -6.1405547824503))",106.962890625,-6.16240092152658,106.98486328125,-6.1405547824503
DKI JAKARTA,JAKARTA TIMUR,5254864047815262207,JAKARTA TIMUR - 5254864047815262207,"POLYGON((106.962890625 -6.1405547824503, 106.962890625 -6.16240092152658, 106.98486328125 -6.16240092152658, 106.98486328125 -6.1405547824503, 106.962890625 -6.1405547824503))",106.962890625,-6.16240092152658,106.98486328125,-6.1405547824503
DKI JAKARTA,JAKARTA TIMUR,5254864047848816639,JAKARTA TIMUR - 5254864047848816639,"POLYGON((106.962890625 -6.16240092152658, 106.962890625 -6.18424616128059, 106.98486328125 -6.18424616128059, 106.98486328125 -6.16240092152658, 106.962890625 -6.16240092152658))",106.962890625,-6.18424616128059,106.98486328125,-6.16240092152658
DKI JAKARTA,JAKARTA TIMUR,5254864047949479935,JAKARTA TIMUR - 5254864047949479935,"POLYGON((106.962890625 -6.18424616128059, 106.962890625 -6.20609049857388, 106.98486328125 -6.20609049857388, 106.98486328125 -6.18424616128059, 106.962890625 -6.18424616128059))",106.962890625,-6.20609049857388,106.98486328125,-6.18424616128059
DKI JAKARTA,JAKARTA TIMUR,5254864047983034367,JAKARTA TIMUR - 5254864047983034367,"POLYGON((106.962890625 -6.20609049857388, 106.962890625 -6.22793393026867, 106.98486328125 -6.22793393026867, 106.98486328125 -6.20609049857388, 106.962890625 -6.20609049857388))",106.962890625,-6.22793393026867,106.98486328125,-6.20609049857388
DKI JAKARTA,JAKARTA UTARA,5254863312604102655,JAKARTA UTARA - 5254863312604102655,"POLYGON((106.69921875 -6.07501100068201, 106.69921875 -6.09685981888794, 106.72119140625 -6.09685981888794, 106.72119140625 -6.07501100068201, 106.69921875 -6.07501100068201))",106.69921875,-6.09685981888794,106.72119140625,-6.07501100068201
DKI JAKARTA,JAKARTA BARAT,5254863312604102655,JAKARTA BARAT - 5254863312604102655,"POLYGON((106.69921875 -6.07501100068201, 106.69921875 -6.09685981888794, 106.72119140625 -6.09685981888794, 106.72119140625 -6.07501100068201, 106.69921875 -6.07501100068201))",106.69921875,-6.09685981888794,106.72119140625,-6.07501100068201
DKI JAKARTA,JAKARTA UTARA,5254863312704765951,JAKARTA UTARA - 5254863312704765951,"POLYGON((106.69921875 -6.09685981888794, 106.69921875 -6.11870774719085, 106.72119140625 -6.11870774719085, 106.72119140625 -6.09685981888794, 106.69921875 -6.09685981888794))",106.69921875,-6.11870774719085,106.72119140625,-6.09685981888794
DKI JAKARTA,JAKARTA BARAT,5254863312704765951,JAKARTA BARAT - 5254863312704765951,"POLYGON((106.69921875 -6.09685981888794, 106.69921875 -6.11870774719085, 106.72119140625 -6.11870774719085, 106.72119140625 -6.09685981888794, 106.69921875 -6.09685981888794))",106.69921875,-6.11870774719085,106.72119140625,-6.09685981888794
DKI JAKARTA,JAKARTA BARAT,5254863312738320383,JAKARTA BARAT - 5254863312738320383,"POLYGON((106.69921875 -6.11870774719085, 106.69921875 -6.1405547824503, 106.72119140625 -6.1405547824503, 106.72119140625 -6.11870774719085, 106.69921875 -6.11870774719085))",106.69921875,-6.1405547824503,106.72119140625,-6.11870774719085
DKI JAKARTA,JAKARTA BARAT,5254863314181160959,JAKARTA BARAT - 5254863314181160959,"POLYGON((106.69921875 -6.1405547824503, 106.69921875 -6.16240092152658, 106.72119140625 -6.16240092152658, 106.72119140625 -6.1405547824503, 106.69921875 -6.1405547824503))",106.69921875,-6.16240092152658,106.72119140625,-6.1405547824503
DKI JAKARTA,JAKARTA BARAT,5254863314214715391,JAKARTA BARAT - 5254863314214715391,"POLYGON((106.69921875 -6.16240092152658, 106.69921875 -6.18424616128059, 106.72119140625 -6.1842461612806, 106.72119140625 -6.16240092152658, 106.69921875 -6.16240092152658))",106.69921875,-6.1842461612806,106.72119140625,-6.16240092152658
DKI JAKARTA,JAKARTA BARAT,5254863314315378687,JAKARTA BARAT - 5254863314315378687,"POLYGON((106.69921875 -6.18424616128059, 106.69921875 -6.20609049857388, 106.72119140625 -6.20609049857388, 106.72119140625 -6.1842461612806, 106.69921875 -6.18424616128059))",106.69921875,-6.20609049857388,106.72119140625,-6.18424616128059
DKI JAKARTA,JAKARTA BARAT,5254863314348933119,JAKARTA BARAT - 5254863314348933119,"POLYGON((106.69921875 -6.20609049857388, 106.69921875 -6.22793393026867, 106.72119140625 -6.22793393026867, 106.72119140625 -6.20609049857388, 106.69921875 -6.20609049857388))",106.69921875,-6.22793393026867,106.72119140625,-6.20609049857388
DKI JAKARTA,JAKARTA SELATAN,5254863338088693759,JAKARTA SELATAN - 5254863338088693759,"POLYGON((106.80908203125 -6.31529853833003, 106.80908203125 -6.33713739498853, 106.8310546875 -6.33713739498853, 106.8310546875 -6.31529853833003, 106.80908203125 -6.31529853833003))",106.80908203125,-6.33713739498853,106.8310546875,-6.31529853833003
DKI JAKARTA,JAKARTA SELATAN,5254863338122248191,JAKARTA SELATAN - 5254863338122248191,"POLYGON((106.80908203125 -6.33713739498853, 106.80908203125 -6.35897532723566, 106.8310546875 -6.35897532723566, 106.8310546875 -6.33713739498853, 106.80908203125 -6.33713739498853))",106.80908203125,-6.35897532723566,106.8310546875,-6.33713739498853
DKI JAKARTA,JAKARTA SELATAN,5254863338222911487,JAKARTA SELATAN - 5254863338222911487,"POLYGON((106.80908203125 -6.35897532723566, 106.80908203125 -6.38081233193828, 106.8310546875 -6.38081233193828, 106.8310546875 -6.35897532723566, 106.80908203125 -6.35897532723566))",106.80908203125,-6.38081233193828,106.8310546875,-6.35897532723566
DKI JAKARTA,JAKARTA UTARA,5254863312989978623,JAKARTA UTARA - 5254863312989978623,"POLYGON((106.80908203125 -6.09685981888794, 106.80908203125 -6.11870774719085, 106.8310546875 -6.11870774719085, 106.8310546875 -6.09685981888794, 106.80908203125 -6.09685981888794))",106.80908203125,-6.11870774719085,106.8310546875,-6.09685981888794
DKI JAKARTA,JAKARTA BARAT,5254863313023533055,JAKARTA BARAT - 5254863313023533055,"POLYGON((106.80908203125 -6.11870774719085, 106.80908203125 -6.1405547824503, 106.8310546875 -6.1405547824503, 106.8310546875 -6.11870774719085, 106.80908203125 -6.11870774719085))",106.80908203125,-6.1405547824503,106.8310546875,-6.11870774719085
DKI JAKARTA,JAKARTA PUSAT,5254863313023533055,JAKARTA PUSAT - 5254863313023533055,"POLYGON((106.80908203125 -6.11870774719085, 106.80908203125 -6.1405547824503, 106.8310546875 -6.1405547824503, 106.8310546875 -6.11870774719085, 106.80908203125 -6.11870774719085))",106.80908203125,-6.1405547824503,106.8310546875,-6.11870774719085
DKI JAKARTA,JAKARTA UTARA,5254863313023533055,JAKARTA UTARA - 5254863313023533055,"POLYGON((106.80908203125 -6.11870774719085, 106.80908203125 -6.1405547824503, 106.8310546875 -6.1405547824503, 106.8310546875 -6.11870774719085, 106.80908203125 -6.11870774719085))",106.80908203125,-6.1405547824503,106.8310546875,-6.11870774719085
DKI JAKARTA,JAKARTA BARAT,5254863314466373631,JAKARTA BARAT - 5254863314466373631,"POLYGON((106.80908203125 -6.1405547824503, 106.80908203125 -6.16240092152658, 106.8310546875 -6.16240092152658, 106.8310546875 -6.1405547824503, 106.80908203125 -6.1405547824503))",106.80908203125,-6.16240092152658,106.8310546875,-6.1405547824503
DKI JAKARTA,JAKARTA PUSAT,5254863314466373631,JAKARTA PUSAT - 5254863314466373631,"POLYGON((106.80908203125 -6.1405547824503, 106.80908203125 -6.16240092152658, 106.8310546875 -6.16240092152658, 106.8310546875 -6.1405547824503, 106.80908203125 -6.1405547824503))",106.80908203125,-6.16240092152658,106.8310546875,-6.1405547824503
DKI JAKARTA,JAKARTA BARAT,5254863314499928063,JAKARTA BARAT - 5254863314499928063,"POLYGON((106.80908203125 -6.16240092152658, 106.80908203125 -6.18424616128059, 106.8310546875 -6.18424616128059, 106.8310546875 -6.16240092152658, 106.80908203125 -6.16240092152658))",106.80908203125,-6.18424616128059,106.8310546875,-6.16240092152658
DKI JAKARTA,JAKARTA PUSAT,5254863314499928063,JAKARTA PUSAT - 5254863314499928063,"POLYGON((106.80908203125 -6.16240092152658, 106.80908203125 -6.18424616128059, 106.8310546875 -6.18424616128059, 106.8310546875 -6.16240092152658, 106.80908203125 -6.16240092152658))",106.80908203125,-6.18424616128059,106.8310546875,-6.16240092152658
DKI JAKARTA,JAKARTA BARAT,5254863314600591359,JAKARTA BARAT - 5254863314600591359,"POLYGON((106.80908203125 -6.18424616128059, 106.80908203125 -6.20609049857388, 106.8310546875 -6.20609049857388, 106.8310546875 -6.18424616128059, 106.80908203125 -6.18424616128059))",106.80908203125,-6.20609049857388,106.8310546875,-6.18424616128059
DKI JAKARTA,JAKARTA PUSAT,5254863314600591359,JAKARTA PUSAT - 5254863314600591359,"POLYGON((106.80908203125 -6.18424616128059, 106.80908203125 -6.20609049857388, 106.8310546875 -6.20609049857388, 106.8310546875 -6.18424616128059, 106.80908203125 -6.18424616128059))",106.80908203125,-6.20609049857388,106.8310546875,-6.18424616128059
DKI JAKARTA,JAKARTA SELATAN,5254863314600591359,JAKARTA SELATAN - 5254863314600591359,"POLYGON((106.80908203125 -6.18424616128059, 106.80908203125 -6.20609049857388, 106.8310546875 -6.20609049857388, 106.8310546875 -6.18424616128059, 106.80908203125 -6.18424616128059))",106.80908203125,-6.20609049857388,106.8310546875,-6.18424616128059
DKI JAKARTA,JAKARTA SELATAN,5254863314634145791,JAKARTA SELATAN - 5254863314634145791,"POLYGON((106.80908203125 -6.20609049857388, 106.80908203125 -6.22793393026867, 106.8310546875 -6.22793393026867, 106.8310546875 -6.20609049857388, 106.80908203125 -6.20609049857388))",106.80908203125,-6.22793393026867,106.8310546875,-6.20609049857388
DKI JAKARTA,JAKARTA PUSAT,5254863314634145791,JAKARTA PUSAT - 5254863314634145791,"POLYGON((106.80908203125 -6.20609049857388, 106.80908203125 -6.22793393026867, 106.8310546875 -6.22793393026867, 106.8310546875 -6.20609049857388, 106.80908203125 -6.20609049857388))",106.80908203125,-6.22793393026867,106.8310546875,-6.20609049857388
DKI JAKARTA,JAKARTA SELATAN,5254863315003244543,JAKARTA SELATAN - 5254863315003244543,"POLYGON((106.80908203125 -6.22793393026867, 106.80908203125 -6.24977645322781, 106.8310546875 -6.24977645322781, 106.8310546875 -6.22793393026867, 106.80908203125 -6.22793393026867))",106.80908203125,-6.24977645322781,106.8310546875,-6.22793393026867
DKI JAKARTA,JAKARTA SELATAN,5254863315036798975,JAKARTA SELATAN - 5254863315036798975,"POLYGON((106.80908203125 -6.24977645322781, 106.80908203125 -6.27161806431486, 106.8310546875 -6.27161806431486, 106.8310546875 -6.24977645322781, 106.80908203125 -6.24977645322781))",106.80908203125,-6.27161806431486,106.8310546875,-6.24977645322781
DKI JAKARTA,JAKARTA SELATAN,5254863315137462271,JAKARTA SELATAN - 5254863315137462271,"POLYGON((106.80908203125 -6.27161806431486, 106.80908203125 -6.29345876039398, 106.8310546875 -6.29345876039398, 106.8310546875 -6.27161806431486, 106.80908203125 -6.27161806431486))",106.80908203125,-6.29345876039398,106.8310546875,-6.27161806431486
DKI JAKARTA,JAKARTA SELATAN,5254863315171016703,JAKARTA SELATAN - 5254863315171016703,"POLYGON((106.80908203125 -6.29345876039398, 106.80908203125 -6.31529853833003, 106.8310546875 -6.31529853833003, 106.8310546875 -6.29345876039398, 106.80908203125 -6.29345876039398))",106.80908203125,-6.31529853833003,106.8310546875,-6.29345876039398
DKI JAKARTA,JAKARTA TIMUR,5254864071236255743,JAKARTA TIMUR - 5254864071236255743,"POLYGON((106.9189453125 -6.31529853833003, 106.9189453125 -6.33713739498853, 106.94091796875 -6.33713739498853, 106.94091796875 -6.31529853833003, 106.9189453125 -6.31529853833003))",106.9189453125,-6.33713739498853,106.94091796875,-6.31529853833003
DKI JAKARTA,JAKARTA TIMUR,5254864071269810175,JAKARTA TIMUR - 5254864071269810175,"POLYGON((106.9189453125 -6.33713739498853, 106.9189453125 -6.35897532723566, 106.94091796875 -6.35897532723566, 106.94091796875 -6.33713739498853, 106.9189453125 -6.33713739498853))",106.9189453125,-6.35897532723566,106.94091796875,-6.33713739498853
DKI JAKARTA,JAKARTA UTARA,5254864046036877311,JAKARTA UTARA - 5254864046036877311,"POLYGON((106.9189453125 -6.07501100068201, 106.9189453125 -6.09685981888794, 106.94091796875 -6.09685981888794, 106.94091796875 -6.07501100068201, 106.9189453125 -6.07501100068201))",106.9189453125,-6.09685981888794,106.94091796875,-6.07501100068201
DKI JAKARTA,JAKARTA UTARA,5254864046137540607,JAKARTA UTARA - 5254864046137540607,"POLYGON((106.9189453125 -6.09685981888794, 106.9189453125 -6.11870774719085, 106.94091796875 -6.11870774719085, 106.94091796875 -6.09685981888794, 106.9189453125 -6.09685981888794))",106.9189453125,-6.11870774719085,106.94091796875,-6.09685981888794
DKI JAKARTA,JAKARTA UTARA,5254864046171095039,JAKARTA UTARA - 5254864046171095039,"POLYGON((106.9189453125 -6.11870774719085, 106.9189453125 -6.1405547824503, 106.94091796875 -6.1405547824503, 106.94091796875 -6.11870774719085, 106.9189453125 -6.11870774719085))",106.9189453125,-6.1405547824503,106.94091796875,-6.11870774719085
DKI JAKARTA,JAKARTA TIMUR,5254864047613935615,JAKARTA TIMUR - 5254864047613935615,"POLYGON((106.9189453125 -6.1405547824503, 106.9189453125 -6.16240092152658, 106.94091796875 -6.16240092152658, 106.94091796875 -6.1405547824503, 106.9189453125 -6.1405547824503))",106.9189453125,-6.16240092152658,106.94091796875,-6.1405547824503
DKI JAKARTA,JAKARTA UTARA,5254864047613935615,JAKARTA UTARA - 5254864047613935615,"POLYGON((106.9189453125 -6.1405547824503, 106.9189453125 -6.16240092152658, 106.94091796875 -6.16240092152658, 106.94091796875 -6.1405547824503, 106.9189453125 -6.1405547824503))",106.9189453125,-6.16240092152658,106.94091796875,-6.1405547824503
DKI JAKARTA,JAKARTA TIMUR,5254864047647490047,JAKARTA TIMUR - 5254864047647490047,"POLYGON((106.9189453125 -6.16240092152658, 106.9189453125 -6.18424616128059, 106.94091796875 -6.18424616128059, 106.94091796875 -6.16240092152658, 106.9189453125 -6.16240092152658))",106.9189453125,-6.18424616128059,106.94091796875,-6.16240092152658
DKI JAKARTA,JAKARTA UTARA,5254864047647490047,JAKARTA UTARA - 5254864047647490047,"POLYGON((106.9189453125 -6.16240092152658, 106.9189453125 -6.18424616128059, 106.94091796875 -6.18424616128059, 106.94091796875 -6.16240092152658, 106.9189453125 -6.16240092152658))",106.9189453125,-6.18424616128059,106.94091796875,-6.16240092152658
DKI JAKARTA,JAKARTA TIMUR,5254864047748153343,JAKARTA TIMUR - 5254864047748153343,"POLYGON((106.9189453125 -6.18424616128059, 106.9189453125 -6.20609049857388, 106.94091796875 -6.20609049857388, 106.94091796875 -6.18424616128059, 106.9189453125 -6.18424616128059))",106.9189453125,-6.20609049857388,106.94091796875,-6.18424616128059
DKI JAKARTA,JAKARTA TIMUR,5254864047781707775,JAKARTA TIMUR - 5254864047781707775,"POLYGON((106.9189453125 -6.20609049857388, 106.9189453125 -6.22793393026867, 106.94091796875 -6.22793393026867, 106.94091796875 -6.20609049857388, 106.9189453125 -6.20609049857388))",106.9189453125,-6.22793393026867,106.94091796875,-6.20609049857388
DKI JAKARTA,JAKARTA TIMUR,5254864048150806527,JAKARTA TIMUR - 5254864048150806527,"POLYGON((106.9189453125 -6.22793393026867, 106.9189453125 -6.24977645322781, 106.94091796875 -6.24977645322781, 106.94091796875 -6.22793393026867, 106.9189453125 -6.22793393026867))",106.9189453125,-6.24977645322781,106.94091796875,-6.22793393026867
DKI JAKARTA,JAKARTA TIMUR,5254864048184360959,JAKARTA TIMUR - 5254864048184360959,"POLYGON((106.9189453125 -6.24977645322781, 106.9189453125 -6.27161806431486, 106.94091796875 -6.27161806431486, 106.94091796875 -6.24977645322781, 106.9189453125 -6.24977645322781))",106.9189453125,-6.27161806431486,106.94091796875,-6.24977645322781
DKI JAKARTA,JAKARTA TIMUR,5254864048318578687,JAKARTA TIMUR - 5254864048318578687,"POLYGON((106.9189453125 -6.29345876039398, 106.9189453125 -6.31529853833003, 106.94091796875 -6.31529853833003, 106.94091796875 -6.29345876039398, 106.9189453125 -6.29345876039398))",106.9189453125,-6.31529853833003,106.94091796875,-6.29345876039398
DKI JAKARTA,JAKARTA SELATAN,5254863337887367167,JAKARTA SELATAN - 5254863337887367167,"POLYGON((106.76513671875 -6.31529853833003, 106.76513671875 -6.33713739498853, 106.787109375 -6.33713739498853, 106.787109375 -6.31529853833003, 106.76513671875 -6.31529853833003))",106.76513671875,-6.33713739498853,106.787109375,-6.31529853833003
DKI JAKARTA,JAKARTA UTARA,5254863312788652031,JAKARTA UTARA - 5254863312788652031,"POLYGON((106.76513671875 -6.09685981888794, 106.76513671875 -6.11870774719085, 106.787109375 -6.11870774719085, 106.787109375 -6.09685981888794, 106.76513671875 -6.09685981888794))",106.76513671875,-6.11870774719085,106.787109375,-6.09685981888794
DKI JAKARTA,JAKARTA UTARA,5254863312822206463,JAKARTA UTARA - 5254863312822206463,"POLYGON((106.76513671875 -6.11870774719085, 106.76513671875 -6.1405547824503, 106.787109375 -6.1405547824503, 106.787109375 -6.11870774719085, 106.76513671875 -6.11870774719085))",106.76513671875,-6.1405547824503,106.787109375,-6.11870774719085
DKI JAKARTA,JAKARTA BARAT,5254863312822206463,JAKARTA BARAT - 5254863312822206463,"POLYGON((106.76513671875 -6.11870774719085, 106.76513671875 -6.1405547824503, 106.787109375 -6.1405547824503, 106.787109375 -6.11870774719085, 106.76513671875 -6.11870774719085))",106.76513671875,-6.1405547824503,106.787109375,-6.11870774719085
DKI JAKARTA,JAKARTA BARAT,5254863314265047039,JAKARTA BARAT - 5254863314265047039,"POLYGON((106.76513671875 -6.1405547824503, 106.76513671875 -6.16240092152658, 106.787109375 -6.16240092152658, 106.787109375 -6.1405547824503, 106.76513671875 -6.1405547824503))",106.76513671875,-6.16240092152658,106.787109375,-6.1405547824503
DKI JAKARTA,JAKARTA UTARA,5254863314265047039,JAKARTA UTARA - 5254863314265047039,"POLYGON((106.76513671875 -6.1405547824503, 106.76513671875 -6.16240092152658, 106.787109375 -6.16240092152658, 106.787109375 -6.1405547824503, 106.76513671875 -6.1405547824503))",106.76513671875,-6.16240092152658,106.787109375,-6.1405547824503
DKI JAKARTA,JAKARTA BARAT,5254863314298601471,JAKARTA BARAT - 5254863314298601471,"POLYGON((106.76513671875 -6.16240092152658, 106.76513671875 -6.18424616128059, 106.787109375 -6.18424616128059, 106.787109375 -6.16240092152658, 106.76513671875 -6.16240092152658))",106.76513671875,-6.18424616128059,106.787109375,-6.16240092152658
DKI JAKARTA,JAKARTA BARAT,5254863314399264767,JAKARTA BARAT - 5254863314399264767,"POLYGON((106.76513671875 -6.18424616128059, 106.76513671875 -6.20609049857388, 106.787109375 -6.20609049857388, 106.787109375 -6.18424616128059, 106.76513671875 -6.18424616128059))",106.76513671875,-6.20609049857388,106.787109375,-6.18424616128059
DKI JAKARTA,JAKARTA SELATAN,5254863314432819199,JAKARTA SELATAN - 5254863314432819199,"POLYGON((106.76513671875 -6.20609049857388, 106.76513671875 -6.22793393026867, 106.787109375 -6.22793393026867, 106.787109375 -6.20609049857388, 106.76513671875 -6.20609049857388))",106.76513671875,-6.22793393026867,106.787109375,-6.20609049857388
DKI JAKARTA,JAKARTA BARAT,5254863314432819199,JAKARTA BARAT - 5254863314432819199,"POLYGON((106.76513671875 -6.20609049857388, 106.76513671875 -6.22793393026867, 106.787109375 -6.22793393026867, 106.787109375 -6.20609049857388, 106.76513671875 -6.20609049857388))",106.76513671875,-6.22793393026867,106.787109375,-6.20609049857388
DKI JAKARTA,JAKARTA SELATAN,5254863314801917951,JAKARTA SELATAN - 5254863314801917951,"POLYGON((106.76513671875 -6.22793393026867, 106.76513671875 -6.24977645322781, 106.787109375 -6.24977645322781, 106.787109375 -6.22793393026867, 106.76513671875 -6.22793393026867))",106.76513671875,-6.24977645322781,106.787109375,-6.22793393026867
DKI JAKARTA,JAKARTA SELATAN,5254863314835472383,JAKARTA SELATAN - 5254863314835472383,"POLYGON((106.76513671875 -6.24977645322781, 106.76513671875 -6.27161806431486, 106.787109375 -6.27161806431486, 106.787109375 -6.24977645322781, 106.76513671875 -6.24977645322781))",106.76513671875,-6.27161806431486,106.787109375,-6.24977645322781
DKI JAKARTA,JAKARTA SELATAN,5254863314936135679,JAKARTA SELATAN - 5254863314936135679,"POLYGON((106.76513671875 -6.27161806431486, 106.76513671875 -6.29345876039398, 106.787109375 -6.29345876039398, 106.787109375 -6.27161806431486, 106.76513671875 -6.27161806431486))",106.76513671875,-6.29345876039398,106.787109375,-6.27161806431486
DKI JAKARTA,JAKARTA SELATAN,5254863314969690111,JAKARTA SELATAN - 5254863314969690111,"POLYGON((106.76513671875 -6.29345876039398, 106.76513671875 -6.31529853833003, 106.787109375 -6.31529853833003, 106.787109375 -6.29345876039398, 106.76513671875 -6.29345876039398))",106.76513671875,-6.31529853833003,106.787109375,-6.29345876039398